{
  "zXl4QWaADLQ": {
    "user_name": "Tom Rogerson",
    "user_url": "https://unsplash.com/@tom_rogerson?utm_source=unsample&utm_medium=referral&utm_campaign=api-credit",
    "photo_url": "https://unsplash.com/photos/zXl4QWaADLQ?utm_source=unsample&utm_medium=referral&utm_campaign=api-credit"
  },
  "kyRiEW0S7FY": {
    "user_name": "rawpixel",
    "user_url": "https://unsplash.com/@rawpixel?utm_source=unsample&utm_medium=referral&utm_campaign=api-credit",
    "photo_url": "https://unsplash.com/photos/kyRiEW0S7FY?utm_source=unsample&utm_medium=referral&utm_campaign=api-credit"
  },
  "d5PYB17O9jE": {
    "user_name": "Mahkeo",
    "user_url": "https://unsplash.com/@mahkeo?utm_source=unsample&utm_medium=referral&utm_campaign=api-credit",
    "photo_url": "https://unsplash.com/photos/d5PYB17O9jE?utm_source=unsample&utm_medium=referral&utm_campaign=api-credit"
  },
  "pxTe1qZjcvI": {
    "user_name": "Dennis Klein",
    "user_url": "https://unsplash.com/@klein2?utm_source=unsample&utm_medium=referral&utm_campaign=api-credit",
    "photo_url": "https://unsplash.com/photos/pxTe1qZjcvI?utm_source=unsample&utm_medium=referral&utm_campaign=api-credit"
  },
  "9jGwNlePPfo": {
    "user_name": "Roman Jøe",
    "user_url": "https://unsplash.com/@romanjoe?utm_source=unsample&utm_medium=referral&utm_campaign=api-credit",
    "photo_url": "https://unsplash.com/photos/9jGwNlePPfo?utm_source=unsample&utm_medium=referral&utm_campaign=api-credit"
  },
  "5XeQkBls-3k": {
    "user_name": "Gabriel Barletta",
    "user_url": "https://unsplash.com/@gabebarletta?utm_source=unsample&utm_medium=referral&utm_campaign=api-credit",
    "photo_url": "https://unsplash.com/photos/5XeQkBls-3k?utm_source=unsample&utm_medium=referral&utm_campaign=api-credit"
  },
  "jV_QaRjbhWE": {
    "user_name": "Clem Onojeghuo",
    "user_url": "https://unsplash.com/@clemono2?utm_source=unsample&utm_medium=referral&utm_campaign=api-credit",
    "photo_url": "https://unsplash.com/photos/jV_QaRjbhWE?utm_source=unsample&utm_medium=referral&utm_campaign=api-credit"
  },
  "jNeQxo1sXL0": {
    "user_name": "Adrien Ledoux",
    "user_url": "https://unsplash.com/@adrienl?utm_source=unsample&utm_medium=referral&utm_campaign=api-credit",
    "photo_url": "https://unsplash.com/photos/jNeQxo1sXL0?utm_source=unsample&utm_medium=referral&utm_campaign=api-credit"
  },
  "oCbrjDECdK0": {
    "user_name": "Oliur Rahman",
    "user_url": "https://unsplash.com/@ultralinx?utm_source=unsample&utm_medium=referral&utm_campaign=api-credit",
    "photo_url": "https://unsplash.com/photos/oCbrjDECdK0?utm_source=unsample&utm_medium=referral&utm_campaign=api-credit"
  },
  "ExwB_SKdZdI": {
    "user_name": "Kirstyn Paynter",
    "user_url": "https://unsplash.com/@kjpaynter?utm_source=unsample&utm_medium=referral&utm_campaign=api-credit",
    "photo_url": "https://unsplash.com/photos/ExwB_SKdZdI?utm_source=unsample&utm_medium=referral&utm_campaign=api-credit"
  },
  "LidrIEeo4D0": {
    "user_name": "Juan Carlos Fernández Rodríguez",
    "user_url": "https://unsplash.com/@jcfdezrguez?utm_source=unsample&utm_medium=referral&utm_campaign=api-credit",
    "photo_url": "https://unsplash.com/photos/LidrIEeo4D0?utm_source=unsample&utm_medium=referral&utm_campaign=api-credit"
  },
  "_2N5gK-XvfI": {
    "user_name": "Lina Yatsen",
    "user_url": "https://unsplash.com/@lina_yatsen?utm_source=unsample&utm_medium=referral&utm_campaign=api-credit",
    "photo_url": "https://unsplash.com/photos/_2N5gK-XvfI?utm_source=unsample&utm_medium=referral&utm_campaign=api-credit"
  },
  "6O3rcoZmx0E": {
    "user_name": "Jeremy Bishop",
    "user_url": "https://unsplash.com/@tentides?utm_source=unsample&utm_medium=referral&utm_campaign=api-credit",
    "photo_url": "https://unsplash.com/photos/6O3rcoZmx0E?utm_source=unsample&utm_medium=referral&utm_campaign=api-credit"
  },
  "BMGZM7g1lBA": {
    "user_name": "Nicholas  Peloso",
    "user_url": "https://unsplash.com/@npeloso?utm_source=unsample&utm_medium=referral&utm_campaign=api-credit",
    "photo_url": "https://unsplash.com/photos/BMGZM7g1lBA?utm_source=unsample&utm_medium=referral&utm_campaign=api-credit"
  },
  "M84BX9RmcZA": {
    "user_name": "Lucas Davies",
    "user_url": "https://unsplash.com/@lucas_davies?utm_source=unsample&utm_medium=referral&utm_campaign=api-credit",
    "photo_url": "https://unsplash.com/photos/M84BX9RmcZA?utm_source=unsample&utm_medium=referral&utm_campaign=api-credit"
  },
  "XynjvHu0E90": {
    "user_name": "William Malott",
    "user_url": "https://unsplash.com/@willmalott?utm_source=unsample&utm_medium=referral&utm_campaign=api-credit",
    "photo_url": "https://unsplash.com/photos/XynjvHu0E90?utm_source=unsample&utm_medium=referral&utm_campaign=api-credit"
  },
  "Gl3B_UFUYD8": {
    "user_name": "Ian Baldwin",
    "user_url": "https://unsplash.com/@ianebaldwin?utm_source=unsample&utm_medium=referral&utm_campaign=api-credit",
    "photo_url": "https://unsplash.com/photos/Gl3B_UFUYD8?utm_source=unsample&utm_medium=referral&utm_campaign=api-credit"
  },
  "whmPhjRhsXk": {
    "user_name": "Thomas Grillmair",
    "user_url": "https://unsplash.com/@tomturbo?utm_source=unsample&utm_medium=referral&utm_campaign=api-credit",
    "photo_url": "https://unsplash.com/photos/whmPhjRhsXk?utm_source=unsample&utm_medium=referral&utm_campaign=api-credit"
  },
  "6cEl9FnOKAs": {
    "user_name": "Billy Huynh",
    "user_url": "https://unsplash.com/@billy_huy?utm_source=unsample&utm_medium=referral&utm_campaign=api-credit",
    "photo_url": "https://unsplash.com/photos/6cEl9FnOKAs?utm_source=unsample&utm_medium=referral&utm_campaign=api-credit"
  },
  "aeCQMnBKQCE": {
    "user_name": "Jisu Han",
    "user_url": "https://unsplash.com/@makeitcount?utm_source=unsample&utm_medium=referral&utm_campaign=api-credit",
    "photo_url": "https://unsplash.com/photos/aeCQMnBKQCE?utm_source=unsample&utm_medium=referral&utm_campaign=api-credit"
  },
  "QuJ6hVe0--Y": {
    "user_name": "Yucel",
    "user_url": "https://unsplash.com/@ymoran?utm_source=unsample&utm_medium=referral&utm_campaign=api-credit",
    "photo_url": "https://unsplash.com/photos/QuJ6hVe0--Y?utm_source=unsample&utm_medium=referral&utm_campaign=api-credit"
  },
  "6C8UIDlLBJ8": {
    "user_name": "Jakob Owens",
    "user_url": "https://unsplash.com/@jakobowens1?utm_source=unsample&utm_medium=referral&utm_campaign=api-credit",
    "photo_url": "https://unsplash.com/photos/6C8UIDlLBJ8?utm_source=unsample&utm_medium=referral&utm_campaign=api-credit"
  },
  "kL4w5yf8-Ik": {
    "user_name": "Jonas Verstuyft",
    "user_url": "https://unsplash.com/@verstuyftj?utm_source=unsample&utm_medium=referral&utm_campaign=api-credit",
    "photo_url": "https://unsplash.com/photos/kL4w5yf8-Ik?utm_source=unsample&utm_medium=referral&utm_campaign=api-credit"
  },
  "SdS_XZ2CBqo": {
    "user_name": "Alison Marras",
    "user_url": "https://unsplash.com/@foodbymars?utm_source=unsample&utm_medium=referral&utm_campaign=api-credit",
    "photo_url": "https://unsplash.com/photos/SdS_XZ2CBqo?utm_source=unsample&utm_medium=referral&utm_campaign=api-credit"
  },
  "oNsoDBAxybs": {
    "user_name": "Eszter Biró",
    "user_url": "https://unsplash.com/@sztuu?utm_source=unsample&utm_medium=referral&utm_campaign=api-credit",
    "photo_url": "https://unsplash.com/photos/oNsoDBAxybs?utm_source=unsample&utm_medium=referral&utm_campaign=api-credit"
  },
  "BIb7ICX38TI": {
    "user_name": "JACKELIN SLACK",
    "user_url": "https://unsplash.com/@jackelinslack?utm_source=unsample&utm_medium=referral&utm_campaign=api-credit",
    "photo_url": "https://unsplash.com/photos/BIb7ICX38TI?utm_source=unsample&utm_medium=referral&utm_campaign=api-credit"
  },
  "A4BUmY6FhZg": {
    "user_name": "W A T A R I",
    "user_url": "https://unsplash.com/@watari?utm_source=unsample&utm_medium=referral&utm_campaign=api-credit",
    "photo_url": "https://unsplash.com/photos/A4BUmY6FhZg?utm_source=unsample&utm_medium=referral&utm_campaign=api-credit"
  },
  "7HgXvQ-AyWM": {
    "user_name": "Suganth",
    "user_url": "https://unsplash.com/@suganth?utm_source=unsample&utm_medium=referral&utm_campaign=api-credit",
    "photo_url": "https://unsplash.com/photos/7HgXvQ-AyWM?utm_source=unsample&utm_medium=referral&utm_campaign=api-credit"
  },
  "OUq04iejcB8": {
    "user_name": "Annie Spratt",
    "user_url": "https://unsplash.com/@anniespratt?utm_source=unsample&utm_medium=referral&utm_campaign=api-credit",
    "photo_url": "https://unsplash.com/photos/OUq04iejcB8?utm_source=unsample&utm_medium=referral&utm_campaign=api-credit"
  },
  "KD6u2e_NuZg": {
    "user_name": "freestocks.org",
    "user_url": "https://unsplash.com/@freestocks?utm_source=unsample&utm_medium=referral&utm_campaign=api-credit",
    "photo_url": "https://unsplash.com/photos/KD6u2e_NuZg?utm_source=unsample&utm_medium=referral&utm_campaign=api-credit"
  }
}